std,rms,p2p,zcr,speed,pwm,label
0.14035389210031787,0.14059211168520638,1.3647226632071838,57.0,0.20579103431319906,140,tile
0.0984548172964978,0.09845752022851272,0.7935538924952859,55.0,0.20579103431319906,140,tile
0.10459838799175661,0.10460822235919921,0.8387314367841192,53.0,0.20579103431319906,140,tile
0.11977788020538957,0.1197780801569956,0.9164822716603087,59.0,0.20579103431319906,140,tile
0.1537227973661913,0.15386343699065916,1.215901904566758,57.0,0.20579103431319906,140,tile
0.18066701762975218,0.18080581765209983,1.4089661053294122,59.0,0.20579103431319906,140,tile
0.16375770881667967,0.16380381562945345,1.4089661053294122,61.0,0.20579103431319906,140,tile
0.152930798136962,0.15300076970983642,1.088216636336318,59.0,0.20579103431319906,140,tile
0.1347358300505822,0.13483006781006787,1.015319472148354,59.0,0.20579103431319906,140,tile
0.12959601578951574,0.12963360328760756,1.3114360105315548,55.0,0.20579103431319906,140,tile
0.1293626475719834,0.1293628110532407,1.3479700722151389,57.0,0.20579103431319906,140,tile
0.13284847674766023,0.13285826751578977,1.267200503369164,55.0,0.20579103431319906,140,tile
0.16139053255816863,0.1616527047832841,1.3091354338112708,48.0,0.20579103431319906,140,tile
0.15350909554970443,0.15351085990379662,1.3707418692897555,54.0,0.20579103431319906,140,tile
0.15395204530082202,0.15395861534807181,1.38006717361222,61.0,0.20579103431319906,140,tile
0.14482412707893805,0.14482787824065496,1.3295542185033948,56.0,0.20579103431319906,140,tile
0.1471553208230156,0.14731337523552201,1.223405361357278,52.0,0.20579103431319906,140,tile
0.1732994909727654,0.17411422513307345,1.5273693901757976,45.0,0.2572526166767967,175,tile
0.1719695362755235,0.17291405246460842,1.591149620287604,47.0,0.2572526166767967,175,tile
0.18881673311988123,0.1899163419414163,1.3928064273741985,57.0,0.2572526166767967,175,tile
0.21764381749060407,0.21776729428184732,1.3928064273741985,56.0,0.2572526166767967,175,tile
0.21423226594563133,0.21423666943057496,1.529901386781999,50.0,0.2572526166767967,175,tile
0.187777163827314,0.18784012378016074,1.529901386781999,51.0,0.2572526166767967,175,tile
0.16929490758305574,0.16946279004094672,1.4626145231974608,48.0,0.2572526166767967,175,tile
0.18211970155158638,0.18212094451638675,1.7178015265048536,54.0,0.2572526166767967,175,tile
0.17092234344128812,0.1711671196984164,1.8094023391738467,56.0,0.2572526166767967,175,tile
0.18288874781315204,0.18292420171164211,1.7783463962383905,52.0,0.2572526166767967,175,tile
0.20603015148459153,0.20624907181054014,1.8889486354852156,54.0,0.2572526166767967,175,tile
0.20912916557412808,0.2092589966544941,1.8988558783389102,55.0,0.2572526166767967,175,tile
0.20741211856896793,0.20763359639107867,1.7845455253096603,49.0,0.2572526166767967,175,tile
0.1880274338829492,0.18835714791348643,1.770484373832474,49.0,0.2572526166767967,175,tile
0.20462607422381748,0.2046399794061182,1.8341636776761998,59.0,0.2572526166767967,175,tile
0.2154383508622093,0.21582329214692694,1.731162082867261,53.0,0.2572526166767967,175,tile
0.19971540735175586,0.19971746259135065,1.7699025082401505,48.0,0.2572526166767967,175,tile
0.2340177333166703,0.23405600527495868,1.753001253285424,50.0,0.30870041602214654,210,tile
0.20559177722831723,0.20578098572022813,1.4482437696374273,50.0,0.30870041602214654,210,tile
0.22381413228188543,0.2238938313992559,1.7715063814766552,46.0,0.30870041602214654,210,tile
0.25566613943510924,0.25570592851473156,1.826241663936031,51.0,0.30870041602214654,210,tile
0.2569869988865837,0.25726608023979675,1.904696356888783,65.0,0.30870041602214654,210,tile
0.2485360686064978,0.2498463719928853,2.526985168366963,61.0,0.30870041602214654,210,tile
0.23850570231930524,0.23905093235289648,2.2916329371529915,57.0,0.30870041602214654,210,tile
0.27943279625729744,0.28000037568518843,2.4840386346490178,57.0,0.30870041602214654,210,tile
1.1176535868170174,1.1204904034782814,12.283499322837612,59.0,0.30870041602214654,210,tile
1.2325873322095084,1.2390379723837033,12.324432770531743,56.0,0.30870041602214654,210,tile
0.594851129846196,0.5959819569887971,6.945708487233896,46.0,0.30870041602214654,210,tile
0.4693616938915307,0.473269809995646,5.244339139941141,44.0,0.30870041602214654,210,tile
0.4896004966271748,0.49775737256999925,4.502214119175601,41.0,0.30870041602214654,210,tile
0.35831526177463335,0.3642243035424082,2.9080154576728603,48.0,0.30870041602214654,210,tile
0.33457539436038103,0.33739406108688347,2.8672636282626467,54.0,0.30870041602214654,210,tile
0.2342492298489329,0.2348740404580456,2.6149143373102124,52.0,0.30870041602214654,210,tile
0.22293108913100151,0.22498660300598136,2.2282381742861403,48.0,0.30870041602214654,210,tile
0.23147304389856058,0.23156572695953614,1.9981591033564978,57.0,0.34544438309578546,235,tile
0.3527609411675341,0.35319875024426567,2.606708793246872,57.0,0.34544438309578546,235,tile
0.7051427007964841,0.7052301514081285,8.718984017275119,54.0,0.34544438309578546,235,tile
0.7042004872954851,0.7042337983363153,8.718984017275119,49.0,0.34544438309578546,235,tile
0.5442240618704107,0.5476711155321645,5.368380285964067,58.0,0.34544438309578546,235,tile
0.5121498568471634,0.5161535786847361,5.270879912911255,57.0,0.34544438309578546,235,tile
0.3198698891714131,0.3198945579308963,2.776509893395856,56.0,0.34544438309578546,235,tile
0.39776185550672943,0.39782388761310483,3.6940332392686734,51.0,0.34544438309578546,235,tile
0.3960206335521859,0.3967913083938767,3.6940332392686734,46.0,0.34544438309578546,235,tile
0.287215751597881,0.28722257407540003,2.508844423287721,47.0,0.34544438309578546,235,tile
0.25594122267013736,0.25594148184447313,1.7676271500058185,51.0,0.34544438309578546,235,tile
0.2374679428493997,0.2382430461448307,1.7676271500058185,55.0,0.34544438309578546,235,tile
0.28655853334475717,0.2865914453633022,2.978677698287962,55.0,0.34544438309578546,235,tile
0.33262233215780473,0.33269585264386614,3.391623352475314,47.0,0.34544438309578546,235,tile
0.2574077644235306,0.2575575469672528,2.4352698207370747,49.0,0.34544438309578546,235,tile
0.9376469201243376,0.9412133045543172,10.062867140135843,59.0,0.34544438309578546,235,tile
1.0053762949655332,1.0062416803298144,12.561174269817753,65.0,0.34544438309578546,235,tile
0.454624337430181,0.45627736681690034,4.30440703331254,50.0,0.37485372338899503,255,tile
0.5249043076627792,0.5301264423382189,3.9585361308329023,56.0,0.37485372338899503,255,tile
0.6241000275095333,0.6242135926968004,7.4262507981820844,58.0,0.37485372338899503,255,tile
0.6242879552896307,0.6242889147637538,7.444952212322346,49.0,0.37485372338899503,255,tile
0.644230924711218,0.6487332868963847,5.982737897222318,59.0,0.37485372338899503,255,tile
1.2402281332220269,1.2421142889938352,15.984544273473482,60.0,0.37485372338899503,255,tile
1.5527206406504392,1.565796666328032,12.643761031415343,57.0,0.37485372338899503,255,tile
1.5688518707278827,1.5745439590629244,15.765052355563414,63.0,0.37485372338899503,255,tile
1.2163756379394421,1.216376641207224,14.787724277713588,58.0,0.37485372338899503,255,tile
0.7485553967902169,0.7530475822050725,7.00666661701049,52.0,0.37485372338899503,255,tile
1.2294389411361393,1.2338535621379791,13.676953553127467,48.0,0.37485372338899503,255,tile
1.0925293734050388,1.0937747830250149,12.914153454271005,50.0,0.37485372338899503,255,tile
0.348207346207447,0.3502256830734058,2.4933069519882363,49.0,0.37485372338899503,255,tile
0.3234550978477195,0.32675928935078585,2.0099417473856764,48.0,0.37485372338899503,255,tile
0.2321241277426633,0.2321267991759822,2.0413060033998622,56.0,0.37485372338899503,255,tile
0.2621343988524713,0.26431505366730684,2.070149538854105,58.0,0.37485372338899503,255,tile
0.2606108207345714,0.26285509590027445,2.1389656621459885,57.0,0.37485372338899503,255,tile
0.14840119018127299,0.14843510230213738,1.2575655496921385,49.0,0.1763143468192961,120,mat
0.11716979499770498,0.11716986027270458,0.7643978618016511,54.0,0.1763143468192961,120,mat
0.13655113846137432,0.13669033288597293,0.9892242262741231,52.0,0.1763143468192961,120,mat
0.14080023273143258,0.14143572662672746,0.9892242262741231,47.0,0.1763143468192961,120,mat
0.15488281231075973,0.1555479949521176,1.1607227400048714,52.0,0.1763143468192961,120,mat
0.17724971508084533,0.1775710780208068,1.2031364015007835,55.0,0.1763143468192961,120,mat
0.17071191205284683,0.17075347247036676,1.1409482737424668,59.0,0.1763143468192961,120,mat
0.1301978533011583,0.13029314363984512,0.995706597250992,59.0,0.1763143468192961,120,mat
0.08214859421105125,0.08216723240575186,0.5185317808969732,58.0,0.1763143468192961,120,mat
0.11315124665915945,0.11318390798313678,0.9883728641203273,52.0,0.1763143468192961,120,mat
0.13093850139724117,0.13094280058892369,1.0354297788390028,48.0,0.1763143468192961,120,mat
0.1114652734566739,0.11158597428868529,0.944711024598476,47.0,0.1763143468192961,120,mat
0.11461774899759297,0.11464491057727268,0.8198954000593126,58.0,0.1763143468192961,120,mat
0.1715800181376857,0.17209682685616132,1.4207724076407438,60.0,0.1763143468192961,120,mat
0.2039287731544286,0.2046218945235007,1.5839081549756049,49.0,0.1763143468192961,120,mat
0.17142769303491492,0.17148970122064958,1.5839081549756049,58.0,0.1763143468192961,120,mat
0.1288017363015491,0.12892353266869264,0.9050864181880165,58.0,0.1763143468192961,120,mat
0.19792801767605162,0.19806628873588417,1.5813923539858852,50.0,0.22042070183560997,150,mat
0.22652402845346511,0.22698579831722487,2.175936790860316,48.0,0.22042070183560997,150,mat
0.25602571245566347,0.25603440294818913,2.175936790860316,55.0,0.22042070183560997,150,mat
0.2879021279569913,0.2885022773834043,2.4239390824528435,60.0,0.22042070183560997,150,mat
0.3322924545679341,0.33251470021389024,2.4239390824528435,53.0,0.22042070183560997,150,mat
0.24844887747531325,0.24847266754113168,2.204690158092234,44.0,0.22042070183560997,150,mat
0.15602241029139727,0.15634934187710092,1.150870361954187,44.0,0.22042070183560997,150,mat
0.19467940081011031,0.1961799161532297,1.67081745900032,51.0,0.22042070183560997,150,mat
0.20550588087332358,0.20630791760772454,1.67081745900032,52.0,0.22042070183560997,150,mat
0.20970336109385385,0.20995461084123138,1.5972963162299134,56.0,0.22042070183560997,150,mat
0.2362822981226157,0.2368198170487123,2.0483719479088247,52.0,0.22042070183560997,150,mat
0.2622757614630841,0.2625178155858149,2.1860962974691986,59.0,0.22042070183560997,150,mat
0.24523675919596427,0.2452774866740791,2.081695376727989,60.0,0.22042070183560997,150,mat
0.2102129824572798,0.21068247843799162,1.737325492244576,46.0,0.22042070183560997,150,mat
0.19285692629108017,0.19295956854212445,1.737325492244576,58.0,0.22042070183560997,150,mat
0.20510457350042913,0.20572961286357758,1.7981193623781238,62.0,0.22042070183560997,150,mat
0.25807859673587896,0.25808388752511474,1.9668281985173586,49.0,0.22042070183560997,150,mat
0.2691619894209427,0.2691622648325726,2.183493553248237,54.0,0.26453153025316295,180,mat
0.2893730391117784,0.28963229385016026,2.4473219206836028,59.0,0.26453153025316295,180,mat
0.32920028570825627,0.3292950462649376,2.570065035996004,58.0,0.26453153025316295,180,mat
0.2907422630903775,0.2932113057355004,2.0661252218302515,52.0,0.26453153025316295,180,mat
0.2684763517084045,0.2685691834361104,2.3089539813999505,52.0,0.26453153025316295,180,mat
0.21760055111842835,0.2177316502852732,2.199351317256829,55.0,0.26453153025316295,180,mat
0.18099915857717752,0.1815313916752932,1.828355219417146,55.0,0.26453153025316295,180,mat
0.3650719414893335,0.3651531122578835,3.9491195754773756,58.0,0.26453153025316295,180,mat
0.42479900021018274,0.4286553868888734,3.9491195754773756,60.0,0.26453153025316295,180,mat
0.35648097166684256,0.3569197475838391,3.19017738096354,55.0,0.26453153025316295,180,mat
0.29669474413199837,0.2970841169393011,2.3179330560104,53.0,0.26453153025316295,180,mat
0.18711649081497286,0.18829538172790283,1.4087820826204052,58.0,0.26453153025316295,180,mat
0.18107880485662933,0.1846929501417293,1.466352215071474,54.0,0.26453153025316295,180,mat
0.34737369565347453,0.34766230781839147,3.4974394899979444,54.0,0.26453153025316295,180,mat
0.38459716834357993,0.38475999393844557,3.493793446043366,57.0,0.26453153025316295,180,mat
0.37433085736700183,0.37434295387072997,2.744135214292818,57.0,0.26453153025316295,180,mat
0.4397632808027489,0.4441641670547308,3.0455985798594494,56.0,0.26453153025316295,180,mat
0.4114132231717542,0.41324381700001384,2.7918312458268204,47.0,0.3012357085178062,205,mat
0.45795195896715607,0.45878221605412467,3.024939100430837,50.0,0.3012357085178062,205,mat
0.5290770628382121,0.5297441126173776,3.558306955999063,53.0,0.3012357085178062,205,mat
0.43202459746126326,0.4336900838206255,3.5359338227271166,51.0,0.3012357085178062,205,mat
0.2590693264840486,0.2592540768911644,2.296900769482299,47.0,0.3012357085178062,205,mat
0.3050930420852336,0.3051011417850979,2.5255262284626685,50.0,0.3012357085178062,205,mat
0.35963848850568525,0.3601394671172887,2.1916453589025497,60.0,0.3012357085178062,205,mat
0.3847678937433175,0.38572408483053733,2.8233078782552816,59.0,0.3012357085178062,205,mat
0.3234832602560588,0.32427688684401335,2.8233078782552816,59.0,0.3012357085178062,205,mat
0.3222420047465611,0.3239825906445071,2.370509445720293,55.0,0.3012357085178062,205,mat
0.31608689760761494,0.31629094440487476,2.370509445720293,48.0,0.3012357085178062,205,mat
0.3394494880647198,0.34124978510335413,2.427385603944556,51.0,0.3012357085178062,205,mat
0.4114661573518959,0.41278961434841727,3.1402794747575022,54.0,0.3012357085178062,205,mat
0.35464475081346536,0.35488690696174197,3.1402794747575022,45.0,0.3012357085178062,205,mat
0.28056259562453684,0.28128822120099195,2.5160743255978204,46.0,0.3012357085178062,205,mat
0.2753068194650956,0.2759220643153731,2.3243246336121626,55.0,0.3012357085178062,205,mat
0.3363612393783842,0.33742952065255893,2.3101442447397673,56.0,0.3012357085178062,205,mat
0.4649726269044064,0.46718428125036615,3.5886138752261107,57.0,0.3306233390850439,225,mat
0.5329077116614591,0.5341600357988682,3.5886138752261107,54.0,0.3306233390850439,225,mat
0.5675847850572152,0.5681124957920355,3.988430737948697,62.0,0.3306233390850439,225,mat
0.45906703674062366,0.4590702801414349,3.988430737948697,58.0,0.3306233390850439,225,mat
0.3210048040410252,0.32140638665134413,2.790500657263948,57.0,0.3306233390850439,225,mat
0.4296510250076429,0.43120245950885105,2.790500657263948,66.0,0.3306233390850439,225,mat
0.4580238735249692,0.4583048816156376,2.8362313689309886,60.0,0.3306233390850439,225,mat
0.38628184063455173,0.3867579529028569,2.8642538783443747,54.0,0.3306233390850439,225,mat
0.3110926362815673,0.3116607894482245,2.491541780145898,50.0,0.3306233390850439,225,mat
0.4234469471377618,0.42346925856394146,3.2098035847250124,50.0,0.3306233390850439,225,mat
0.4823356344305673,0.4828298938351172,3.2098035847250124,47.0,0.3306233390850439,225,mat
0.4704603875234703,0.47047676468777494,3.8483622022554176,53.0,0.3306233390850439,225,mat
0.4520069657075749,0.45219633344892907,3.7976140947642314,60.0,0.3306233390850439,225,mat
0.4480927538325047,0.4576048586445017,3.4402998405611616,58.0,0.3306233390850439,225,mat
0.46601639617443574,0.4789866373134446,3.538415838396901,59.0,0.3306233390850439,225,mat
0.4215475768674504,0.42190990998077305,2.7595159982186974,56.0,0.3306233390850439,225,mat
0.47874548620068946,0.47958897486234303,3.516355732635871,52.0,0.3306233390850439,225,mat
0.14417289978825668,0.14428032786979825,0.9639125779328328,42.0,0.14693368461163478,100,carpet
0.11339556343417705,0.11428735485862566,1.1952042557812081,54.0,0.14693368461163478,100,carpet
0.10595850506322456,0.10836427822737907,0.749510670497374,58.0,0.14693368461163478,100,carpet
0.09298888009851697,0.09535875405161345,0.6491624455747917,48.0,0.14693368461163478,100,carpet
0.06604769296521536,0.06836968916405226,0.4151398797937471,53.0,0.14693368461163478,100,carpet
0.06205520412927972,0.06457872686616037,0.37475053172780015,52.0,0.14693368461163478,100,carpet
0.06593149655532429,0.06702926926356767,0.3819188214612108,55.0,0.14693368461163478,100,carpet
0.1204398990181154,0.12056463500368192,0.9674013748258972,64.0,0.14693368461163478,100,carpet
0.14762395271069276,0.14863208096224415,1.1094795374248907,62.0,0.14693368461163478,100,carpet
0.11780290991423689,0.11853103687552795,1.1094795374248907,56.0,0.14693368461163478,100,carpet
0.09273791534497325,0.09381082706992944,0.5216330274415952,47.0,0.14693368461163478,100,carpet
0.1426208734734645,0.14486883477215193,1.2223341317876173,45.0,0.14693368461163478,100,carpet
0.16311290294735858,0.16384759856423783,1.2630967667344333,48.0,0.14693368461163478,100,carpet
0.1390042328763675,0.13902136157103254,1.0993993893785294,47.0,0.14693368461163478,100,carpet
0.11491234948248721,0.11507036330401453,1.04199183785156,48.0,0.14693368461163478,100,carpet
0.10188405202259054,0.1022607582448364,0.5701810583281759,51.0,0.14693368461163478,100,carpet
0.10025163979084159,0.10027955317828342,0.6689881725756379,56.0,0.14693368461163478,100,carpet
0.15923827671701818,0.16000253971583872,1.382903021702516,58.0,0.19100480263045724,130,carpet
0.1874539139408813,0.1875130215475413,1.6737776010474636,54.0,0.19100480263045724,130,carpet
0.18749165636877785,0.1876680094419415,1.6737776010474636,60.0,0.19100480263045724,130,carpet
0.18645312137576373,0.1868030087589024,1.7304030855105363,63.0,0.19100480263045724,130,carpet
0.22675629501624822,0.22697891076668403,1.799086822022712,55.0,0.19100480263045724,130,carpet
0.17236985688156642,0.17242707419132464,1.4469736373480817,61.0,0.19100480263045724,130,carpet
0.11648156757553207,0.11654937468088816,0.9259011062990457,60.0,0.19100480263045724,130,carpet
0.14994322253775225,0.1500095568626828,0.9841570288822261,49.0,0.19100480263045724,130,carpet
0.1771304571523007,0.17720634111696176,1.1713838617717016,51.0,0.19100480263045724,130,carpet
0.1751938865022249,0.17519547855846088,1.1924844759635658,55.0,0.19100480263045724,130,carpet
0.15688549553883635,0.15688604536659298,1.2500438056480228,57.0,0.19100480263045724,130,carpet
0.15016428834887519,0.1501670261837933,1.2500438056480228,65.0,0.19100480263045724,130,carpet
0.137334253428149,0.13733647331279927,1.2121183454326339,57.0,0.19100480263045724,130,carpet
0.12997596362187497,0.1301590282358801,1.2083897194189035,47.0,0.19100480263045724,130,carpet
0.15197433249883852,0.15340942323700887,1.059149991864654,54.0,0.19100480263045724,130,carpet
0.18453616152392893,0.1850887158246348,1.195713278247462,56.0,0.19100480263045724,130,carpet
0.24162400578952825,0.2419863142337286,1.5979925543371891,57.0,0.19100480263045724,130,carpet
0.28469526992218774,0.289467043369587,1.7717094798022597,44.0,0.2350505007160284,160,carpet
0.30156383429403577,0.3270873232621352,1.2418440055137907,41.0,0.2350505007160284,160,carpet
0.2225964325413152,0.22680631479132013,1.2684508022827394,61.0,0.2350505007160284,160,carpet
0.19288144753555722,0.1934580390722336,1.5265265264242558,78.0,0.2350505007160284,160,carpet
0.23865070493064244,0.24100455484683217,1.5929599146258422,66.0,0.2350505007160284,160,carpet
0.17981362732051265,0.17993409912382854,1.7601226093161184,51.0,0.2350505007160284,160,carpet
0.2188688717849116,0.22234507326065303,1.470228794028337,46.0,0.2350505007160284,160,carpet
0.2936769232767589,0.2987369233930309,2.086245830535937,44.0,0.2350505007160284,160,carpet
0.23036681996213734,0.23373238773077906,1.9012003974711718,50.0,0.2350505007160284,160,carpet
0.1688267172289045,0.17053359484057046,1.3659511455254734,50.0,0.2350505007160284,160,carpet
0.25526144498392905,0.25596431869127095,1.4809614301700318,49.0,0.2350505007160284,160,carpet
0.3638981979202092,0.36655728534145415,2.584311078258729,56.0,0.2350505007160284,160,carpet
0.6621343055636147,0.6686024679630964,4.47269817116204,57.0,0.2350505007160284,160,carpet
1.0787248728891512,1.088204286430045,9.680144325552494,53.0,0.2350505007160284,160,carpet
0.9242546291777874,0.9267722906840267,9.618216752154646,55.0,0.2350505007160284,160,carpet
0.3254695074591626,0.3264383105909511,2.670430868101258,53.0,0.2350505007160284,160,carpet
0.33732602745538925,0.3374429459402995,2.6421040834255773,46.0,0.2350505007160284,160,carpet
0.3609958396335957,0.36110851535666827,3.312081880810547,52.0,0.2718522208043411,185,carpet
0.2953891103115131,0.29538911431494785,2.452656928526146,49.0,0.2718522208043411,185,carpet
0.4034113533560191,0.4034382978482609,3.294917797458181,49.0,0.2718522208043411,185,carpet
0.4162003695433289,0.41641281775433736,3.294917797458181,56.0,0.2718522208043411,185,carpet
0.31572268993144104,0.3158589639703547,2.493345605783695,55.0,0.2718522208043411,185,carpet
0.3330625096864793,0.33354247177647944,2.292280129208839,58.0,0.2718522208043411,185,carpet
0.3045659790555712,0.3050688672663785,2.2947883538850746,58.0,0.2718522208043411,185,carpet
0.23931669839021139,0.2416422785656383,1.6086386692805785,53.0,0.2718522208043411,185,carpet
0.23656524910196297,0.23667910825703345,1.8201231779911264,52.0,0.2718522208043411,185,carpet
0.33195533387311743,0.3333701235782176,3.2393334740669584,52.0,0.2718522208043411,185,carpet
0.4195021140127582,0.4196381134642322,3.6407077808544575,55.0,0.2718522208043411,185,carpet
0.3633515756940247,0.3722333767074291,2.7749118873801013,53.0,0.2718522208043411,185,carpet
0.2797453993347027,0.2830113551877474,2.3908052708942513,59.0,0.2718522208043411,185,carpet
0.23979561342749053,0.24116505621997308,2.1665810608118328,58.0,0.2718522208043411,185,carpet
0.30594955243891564,0.305997763102246,2.5801194218442145,51.0,0.2718522208043411,185,carpet
0.9689044857705436,0.9710670234052068,10.457971786018776,52.0,0.2718522208043411,185,carpet
0.9431380551380621,0.9457961628582491,10.244358555318374,59.0,0.2718522208043411,185,carpet
0.3560748611268014,0.3574058883252483,2.452171175852463,55.0,0.30118876950351675,205,carpet
0.38144514142813907,0.3817408662795082,3.267220635530231,59.0,0.30118876950351675,205,carpet
0.4523621092596112,0.4527216217035036,3.3394248682360868,57.0,0.30118876950351675,205,carpet
0.3986962872156151,0.3990637715242229,3.0600420073095354,63.0,0.30118876950351675,205,carpet
0.32344839082528554,0.3237393747715173,2.1997770883855683,58.0,0.30118876950351675,205,carpet
0.3788189755836598,0.3796571148188214,2.921945927970837,55.0,0.30118876950351675,205,carpet
0.37518561446756754,0.37572914567142884,2.7527487313080545,57.0,0.30118876950351675,205,carpet
0.3281841628279174,0.3282959392490664,2.7278810054109286,56.0,0.30118876950351675,205,carpet
0.4477679617358722,0.44848859202624625,3.3590152528129718,57.0,0.30118876950351675,205,carpet
0.46650945582972225,0.4670517034701635,3.228239810430358,55.0,0.30118876950351675,205,carpet
0.38780917907012386,0.3878211502023987,3.381605311842012,51.0,0.30118876950351675,205,carpet
0.3489167960517502,0.35008259449916285,3.3257943223336177,55.0,0.30118876950351675,205,carpet
0.30692866149543097,0.3072536400656417,2.3668489835936413,54.0,0.30118876950351675,205,carpet
0.4754742701826774,0.4754937359228583,3.946729900443227,54.0,0.30118876950351675,205,carpet
0.4879215943783404,0.48821864391213404,3.946729900443227,60.0,0.30118876950351675,205,carpet
0.3087887452161762,0.30900877230394247,2.5567579775868285,51.0,0.30118876950351675,205,carpet
0.4971027234894765,0.4977139300941665,4.125219072842759,48.0,0.30118876950351675,205,carpet
0.1424782505590174,0.14247839928275016,1.1041709535499766,43.0,0.11749481777636572,80,gravel
0.1463016615360191,0.1463477297443402,1.0886284161497422,42.0,0.11749481777636572,80,gravel
0.15187133440843126,0.1518753026993631,1.2691463857533751,49.0,0.11749481777636572,80,gravel
0.092298321959918,0.09231837549464278,0.8313185312170628,52.0,0.11749481777636572,80,gravel
0.09140205266023851,0.09143071330155861,0.7734924331550346,47.0,0.11749481777636572,80,gravel
0.11456564878113645,0.1150523966762448,0.9898118976530164,44.0,0.11749481777636572,80,gravel
0.11231073351698705,0.11239944913610286,0.9561024491949368,50.0,0.11749481777636572,80,gravel
0.4118325985985658,0.41215328094433873,4.399293061135033,45.0,0.11749481777636572,80,gravel
0.43235703577097667,0.4324248282688486,4.795038001373262,39.0,0.11749481777636572,80,gravel
0.2117714057916705,0.21251819365017577,1.5212361198706237,40.0,0.11749481777636572,80,gravel
0.20527366523695542,0.20551418032470167,1.3207191176112012,39.0,0.11749481777636572,80,gravel
0.19171423658662495,0.19171758955307963,1.584833121360278,42.0,0.11749481777636572,80,gravel
0.18354184814568716,0.18395359855223928,1.3409383695783728,40.0,0.11749481777636572,80,gravel
0.5302799299972948,0.5314202155370134,5.47646222732075,38.0,0.11749481777636572,80,gravel
0.5221645063207487,0.5235246000706697,5.47646222732075,42.0,0.11749481777636572,80,gravel
0.2508655982796705,0.25104264721664626,2.7257354917417578,41.0,0.11749481777636572,80,gravel
0.2552007692468351,0.2557103311179715,2.5448265314272396,38.0,0.11749481777636572,80,gravel
0.2828554342390485,0.28285897044135355,2.441863540336243,52.0,0.15404625165163624,105,gravel
0.18297813139793528,0.18483189626874827,1.568665107238381,49.0,0.15404625165163624,105,gravel
0.17440252928598096,0.17444152951934253,1.6197595076946154,50.0,0.15404625165163624,105,gravel
0.21200578348308438,0.21206454674514208,1.6529062025932078,53.0,0.15404625165163624,105,gravel
0.2934764525126858,0.29659263112630274,2.212938324087565,45.0,0.15404625165163624,105,gravel
0.8072950758272184,0.8073211296955503,7.759262902119449,40.0,0.15404625165163624,105,gravel
0.7896704054959309,0.790816735495069,7.441767706258206,42.0,0.15404625165163624,105,gravel
1.1651171494976988,1.1651518094532063,15.486279200407068,45.0,0.15404625165163624,105,gravel
1.1528324589741614,1.153414470709905,15.486279200407068,43.0,0.15404625165163624,105,gravel
0.2043051702573674,0.20449127925719504,1.5455271521628777,46.0,0.15404625165163624,105,gravel
0.2194516635520198,0.21974242468063515,1.4796766799321759,47.0,0.15404625165163624,105,gravel
0.6589900569936399,0.6596833000319651,7.017796475260349,43.0,0.15404625165163624,105,gravel
0.669530299071781,0.6723780566279247,7.017796475260349,36.0,0.15404625165163624,105,gravel
0.28820366598668745,0.2892371404426483,2.5623144916602687,37.0,0.15404625165163624,105,gravel
0.25814428762855324,0.25859063869727195,1.773409584343078,39.0,0.15404625165163624,105,gravel
0.1991689879913567,0.19918181730071627,1.382671238212433,51.0,0.15404625165163624,105,gravel
0.21422337005325082,0.21502133424670158,1.6680674283318488,53.0,0.15404625165163624,105,gravel
0.27526804987566716,0.27591196165188914,2.155986647240919,46.0,0.19083405182818025,130,gravel
0.2576882305182179,0.2576975308686685,1.8918395591671153,52.0,0.19083405182818025,130,gravel
0.2649701983213143,0.26552548213326527,2.3162009849407337,54.0,0.19083405182818025,130,gravel
0.527886498515274,0.528222867500473,5.839163287543867,53.0,0.19083405182818025,130,gravel
0.5564696502834023,0.5591302821706867,6.031999346968719,51.0,0.19083405182818025,130,gravel
0.5143619691121969,0.518987194756929,3.981661714836857,50.0,0.19083405182818025,130,gravel
0.5882777591893878,0.5912051769448398,5.174617018468539,49.0,0.19083405182818025,130,gravel
0.5013946438411906,0.5022108245708159,5.34484010900292,45.0,0.19083405182818025,130,gravel
0.34212366819600715,0.3434951546883594,3.200341838822048,45.0,0.19083405182818025,130,gravel
0.315255362200298,0.31628075618458656,2.5747755741436293,49.0,0.19083405182818025,130,gravel
0.47642649093905237,0.4787192466296289,3.83150045756436,52.0,0.19083405182818025,130,gravel
0.5454901354583844,0.545504370842524,5.304666637516387,48.0,0.19083405182818025,130,gravel
0.5213283673929093,0.5225452022161974,4.712262154664571,48.0,0.19083405182818025,130,gravel
1.2033586541162085,1.2039465944126078,13.51090546417388,56.0,0.19083405182818025,130,gravel
1.4834923756573613,1.4867335506932184,13.51090546417388,52.0,0.19083405182818025,130,gravel
0.9572055731742944,0.9590573381452815,11.342928359969159,47.0,0.19083405182818025,130,gravel
0.46865380001969204,0.4691467493411863,4.981396935777217,52.0,0.19083405182818025,130,gravel
0.4589779207215825,0.4596478910808893,4.361732345063657,44.0,0.2200544110147301,150,gravel
0.5588395858014142,0.5617609545541292,4.804919535224623,50.0,0.2200544110147301,150,gravel
0.5471188055138337,0.5505548391176488,4.061923424762496,57.0,0.2200544110147301,150,gravel
0.614878514734064,0.6155601759268847,6.040117241065497,57.0,0.2200544110147301,150,gravel
1.0676304867702364,1.0699463857815923,10.862058548556984,50.0,0.2200544110147301,150,gravel
1.0352409371274447,1.0352442724809336,12.321864979341699,50.0,0.2200544110147301,150,gravel
0.5922184194023703,0.5950094183570989,4.463653682130287,53.0,0.2200544110147301,150,gravel
0.49778425802694787,0.49786277710809057,5.512570862347444,53.0,0.2200544110147301,150,gravel
0.46175971208046657,0.4618838941413175,4.1359266203553,56.0,0.2200544110147301,150,gravel
0.5075699508379629,0.508143589910002,3.4297683987184477,47.0,0.2200544110147301,150,gravel
0.4220709368197922,0.42643565932580946,3.2367687639701224,44.0,0.2200544110147301,150,gravel
1.4704601831890167,1.4730632329636886,14.436670119053096,50.0,0.2200544110147301,150,gravel
1.4793779275020504,1.487486955298621,14.436670119053096,45.0,0.2200544110147301,150,gravel
0.4120014066544651,0.4128981185525978,3.698540992068507,49.0,0.2200544110147301,150,gravel
0.5479505642369676,0.5485130629668347,4.931075517030553,49.0,0.2200544110147301,150,gravel
0.5192291745371677,0.5194574540691796,4.877411380190071,52.0,0.2200544110147301,150,gravel
0.4802698188321869,0.4802864174221153,4.8814189000233945,49.0,0.2200544110147301,150,gravel
0.6073299524845267,0.6080269594898835,5.723788872077652,46.0,0.24215915516067466,165,gravel
0.4607659516185847,0.46076707257281274,4.1300371134242315,43.0,0.24215915516067466,165,gravel
0.5161594960166763,0.5163104974118036,4.103263512405167,45.0,0.24215915516067466,165,gravel
0.5415091740351342,0.5456537125879944,3.573442171506943,51.0,0.24215915516067466,165,gravel
0.9054966079548448,0.9067084814948224,10.621625250558527,55.0,0.24215915516067466,165,gravel
1.0441563048207427,1.0481211689304362,10.621625250558527,56.0,0.24215915516067466,165,gravel
0.737777285028324,0.7400021051585748,6.300129180445748,52.0,0.24215915516067466,165,gravel
0.5830125220277591,0.5864484672403237,4.923557075214991,47.0,0.24215915516067466,165,gravel
0.5545061238547432,0.5552905232199222,4.641178658220167,45.0,0.24215915516067466,165,gravel
0.5888155898526609,0.5917110611204793,5.93458839721203,42.0,0.24215915516067466,165,gravel
1.293580530761815,1.2936825168480628,15.068732511838707,37.0,0.24215915516067466,165,gravel
1.2142842327414358,1.2190294657858423,13.554110568262121,39.0,0.24215915516067466,165,gravel
0.4812445211858679,0.48388788319642245,4.258401182682029,49.0,0.24215915516067466,165,gravel
0.6121909281555167,0.6122144704089535,4.9216921048705,56.0,0.24215915516067466,165,gravel
0.7316861880074609,0.7332756486686085,6.924193286832311,47.0,0.24215915516067466,165,gravel
0.637005002249029,0.638956962945195,6.228597217906107,41.0,0.24215915516067466,165,gravel
0.4438038212623096,0.44812159111177724,2.4091989867957686,43.0,0.24215915516067466,165,gravel
