std,peak,rms,p2p,zcr,speed,label
0.140354,6.660152,0.140592,1.364723,57,0.28824,tile
0.098455,4.273690,0.098458,0.793554,55,0.28824,tile
0.104598,4.644563,0.104608,0.838731,53,0.28824,tile
0.119778,4.056331,0.119778,0.916482,59,0.28824,tile
0.153723,4.304273,0.153863,1.215902,57,0.28824,tile
0.180667,3.967454,0.180806,1.408966,59,0.28824,tile
0.163758,4.379255,0.163804,1.408966,61,0.28824,tile
0.152931,3.906622,0.153001,1.088217,59,0.28824,tile
0.134736,4.433107,0.134830,1.015319,59,0.28824,tile
0.129596,6.895070,0.129634,1.311436,55,0.28824,tile
0.129363,6.909503,0.129363,1.347970,57,0.28824,tile
0.132848,6.119778,0.132858,1.267201,55,0.28824,tile
0.161391,5.187209,0.161653,1.309135,48,0.28824,tile
0.153509,5.863642,0.153511,1.370742,54,0.28824,tile
0.153952,5.846589,0.153959,1.380067,61,0.28824,tile
0.144824,5.866411,0.144828,1.329554,56,0.28824,tile
0.147155,6.000627,0.147313,1.223405,52,0.28824,tile
0.166426,6.071300,0.166427,1.541839,46,0.35000,tile
0.170496,3.662133,0.170550,1.171511,51,0.35000,tile
0.183901,3.189013,0.183936,1.089366,59,0.35000,tile
0.185137,3.942096,0.185189,1.350572,55,0.35000,tile
0.187263,4.178330,0.187347,1.512831,56,0.35000,tile
0.203588,3.842670,0.203712,1.540656,55,0.35000,tile
0.197183,3.843421,0.197183,1.497435,57,0.35000,tile
0.166125,4.801569,0.166125,1.537237,58,0.35000,tile
0.170608,6.058656,0.170650,1.668911,53,0.35000,tile
0.184414,5.761958,0.184546,1.698350,54,0.35000,tile
0.197758,6.276929,0.197782,1.888156,55,0.35000,tile
0.172290,7.188090,0.172711,1.888156,46,0.35000,tile
0.159317,6.707630,0.159813,1.691647,47,0.35000,tile
0.172641,6.209137,0.172643,1.691647,49,0.35000,tile
0.181018,6.108092,0.181788,1.517462,53,0.35000,tile
0.203451,5.418438,0.204925,1.505510,56,0.35000,tile
0.190541,5.069246,0.191080,1.343723,57,0.35000,tile
0.086188,3.986537,0.087554,0.573566,66,0.41176,tile
0.072830,2.801870,0.080135,0.334783,55,0.41176,tile
0.103708,2.972740,0.114602,0.548750,40,0.41176,tile
0.123045,2.720551,0.140185,0.589448,39,0.41176,tile
0.188608,4.399847,0.199237,1.134374,48,0.41176,tile
0.205364,4.221192,0.207670,1.331259,55,0.41176,tile
0.178447,2.934816,0.178637,1.021366,53,0.41176,tile
0.166132,3.134493,0.167257,1.021366,47,0.41176,tile
0.122306,3.346663,0.122331,0.780421,42,0.41176,tile
0.784649,7.187138,0.795475,5.843800,32,0.41176,tile
1.307801,6.721526,1.332929,9.610691,40,0.41176,tile
1.067459,8.319393,1.076920,9.610691,51,0.41176,tile
1.113089,6.982872,1.126305,8.432117,50,0.41176,tile
1.109731,7.005391,1.122684,8.405116,53,0.41176,tile
0.139759,5.049351,0.141754,1.072301,54,0.41176,tile
0.193947,3.687694,0.194095,1.327526,45,0.41176,tile
0.188106,3.145025,0.194517,1.000349,48,0.41176,tile
0.241260,4.336028,0.246794,1.503821,61,0.47353,tile
0.307105,4.072845,0.309221,2.010330,65,0.47353,tile
0.301777,4.124954,0.305315,2.469769,56,0.47353,tile
0.356171,4.061766,0.356179,2.657075,53,0.47353,tile
0.333815,4.291547,0.337109,2.361051,52,0.47353,tile
0.912842,9.800074,0.916669,9.717223,54,0.47353,tile
0.958959,9.367048,0.959046,10.733782,51,0.47353,tile
0.379535,4.603129,0.380253,2.660319,45,0.47353,tile
0.483356,6.495434,0.485355,5.616825,50,0.47353,tile
0.464929,6.780499,0.464950,5.616825,47,0.47353,tile
0.364923,7.111761,0.367385,3.171060,49,0.47353,tile
0.424623,6.105856,0.427910,3.625432,58,0.47353,tile
0.940185,9.484613,0.943512,10.327059,60,0.47353,tile
0.941961,9.486747,0.943299,10.509820,56,0.47353,tile
0.296713,5.251070,0.297268,2.318313,51,0.47353,tile
0.914884,9.811152,0.921807,9.556089,55,0.47353,tile
0.916807,9.788649,0.923926,9.844921,51,0.47353,tile
0.454624,6.740205,0.456277,4.304407,50,0.52500,tile
0.524904,5.801263,0.530126,3.958536,56,0.52500,tile
0.624100,7.334896,0.624214,7.426251,58,0.52500,tile
0.624288,7.334011,0.624289,7.444952,49,0.52500,tile
0.644231,7.755714,0.648733,5.982738,59,0.52500,tile
1.240228,8.818154,1.242114,15.984544,60,0.52500,tile
1.552721,6.995260,1.565797,12.643761,57,0.52500,tile
1.568852,6.840143,1.574544,15.765052,63,0.52500,tile
1.216376,8.050778,1.216377,14.787724,58,0.52500,tile
0.748555,7.674993,0.753048,7.006667,52,0.52500,tile
1.229439,6.400532,1.233854,13.676954,48,0.52500,tile
1.092529,7.220242,1.093775,12.914153,50,0.52500,tile
0.348207,4.402486,0.350226,2.493307,49,0.52500,tile
0.323455,4.718653,0.326759,2.009942,48,0.52500,tile
0.232124,5.594896,0.232127,2.041306,56,0.52500,tile
0.262134,5.022676,0.264315,2.070150,58,0.52500,tile
0.260611,5.050573,0.262855,2.138966,57,0.52500,tile
0.148401,4.281908,0.148435,1.257566,49,0.24706,mat
0.117170,3.403520,0.117170,0.764398,54,0.24706,mat
0.136551,3.938705,0.136690,0.989224,52,0.24706,mat
0.140800,3.806555,0.141436,0.989224,47,0.24706,mat
0.154883,4.311498,0.155548,1.160723,52,0.24706,mat
0.177250,4.015623,0.177571,1.203136,55,0.24706,mat
0.170712,4.175953,0.170753,1.140948,59,0.24706,mat
0.130198,4.947650,0.130293,0.995707,59,0.24706,mat
0.082149,4.080015,0.082167,0.518532,58,0.24706,mat
0.113151,5.366273,0.113184,0.988373,52,0.24706,mat
0.130939,4.638481,0.130943,1.035430,48,0.24706,mat
0.111465,4.630125,0.111586,0.944711,47,0.24706,mat
0.114618,3.636607,0.114645,0.819895,58,0.24706,mat
0.171580,5.833077,0.172097,1.420772,60,0.24706,mat
0.203929,5.384954,0.204622,1.583908,49,0.24706,mat
0.171428,6.425340,0.171490,1.583908,58,0.24706,mat
0.128802,3.723939,0.128924,0.905086,58,0.24706,mat
0.197928,4.937934,0.198066,1.581392,50,0.30882,mat
0.226524,6.538334,0.226986,2.175937,48,0.30882,mat
0.256026,5.796522,0.256034,2.175937,55,0.30882,mat
0.287902,5.143442,0.288502,2.423939,60,0.30882,mat
0.332292,4.462644,0.332515,2.423939,53,0.30882,mat
0.248449,5.667899,0.248473,2.204690,44,0.30882,mat
0.156022,4.406146,0.156349,1.150870,44,0.30882,mat
0.194679,5.685980,0.196180,1.670817,51,0.30882,mat
0.205506,5.406846,0.206308,1.670817,52,0.30882,mat
0.209703,5.018868,0.209955,1.597296,56,0.30882,mat
0.236282,5.584993,0.236820,2.048372,52,0.30882,mat
0.262276,5.038276,0.262518,2.186096,59,0.30882,mat
0.245237,4.966767,0.245277,2.081695,60,0.30882,mat
0.210213,4.970260,0.210682,1.737325,46,0.30882,mat
0.192857,5.426767,0.192960,1.737325,58,0.30882,mat
0.205105,4.381753,0.205730,1.798119,62,0.30882,mat
0.258079,4.128006,0.258084,1.966828,49,0.30882,mat
0.244935,4.211711,0.245035,1.888749,51,0.36029,mat
0.249399,4.087047,0.249400,1.922184,51,0.36029,mat
0.264186,3.852917,0.264555,1.996226,55,0.36029,mat
0.350112,4.385577,0.350886,2.688080,58,0.36029,mat
0.314963,4.882972,0.315143,2.688080,56,0.36029,mat
0.196171,4.750496,0.196193,1.680401,65,0.36029,mat
0.252344,4.556863,0.252425,2.082277,61,0.36029,mat
0.246730,4.661962,0.246734,2.068848,57,0.36029,mat
0.252146,4.585958,0.253143,1.915366,59,0.36029,mat
0.287393,5.215891,0.288975,2.535091,55,0.36029,mat
0.274886,5.476004,0.275249,2.535091,58,0.36029,mat
0.239997,5.098229,0.239998,1.955790,60,0.36029,mat
0.231828,5.277215,0.231858,1.917877,46,0.36029,mat
0.318372,3.880842,0.318384,2.457016,38,0.36029,mat
0.325932,3.767710,0.327944,2.457016,49,0.36029,mat
0.305804,4.925815,0.309037,2.579230,56,0.36029,mat
0.300989,5.056012,0.301079,2.579230,59,0.36029,mat
0.358276,4.353520,0.359775,1.981077,48,0.41176,mat
0.338229,5.461388,0.338261,2.282627,50,0.41176,mat
0.393091,4.689863,0.393908,2.897093,64,0.41176,mat
0.332001,5.402944,0.343306,2.614520,68,0.41176,mat
0.343689,5.333596,0.347770,2.614520,59,0.41176,mat
0.304811,5.588922,0.309885,2.205689,60,0.41176,mat
0.406281,3.295629,0.406362,2.358267,61,0.41176,mat
0.439614,3.038546,0.441472,2.360482,67,0.41176,mat
0.412614,3.506097,0.418297,2.808024,69,0.41176,mat
0.378512,3.708822,0.395433,1.931361,58,0.41176,mat
0.313393,3.413806,0.327871,1.541423,53,0.41176,mat
0.335489,3.637000,0.346770,2.466086,57,0.41176,mat
0.393055,3.414546,0.396856,2.559964,58,0.41176,mat
0.425541,3.390770,0.432656,2.822119,61,0.41176,mat
0.329340,4.376770,0.335187,1.999610,63,0.41176,mat
0.192374,4.536110,0.193079,1.396267,59,0.41176,mat
0.348426,3.432687,0.350849,2.260151,55,0.41176,mat
0.464973,4.898983,0.467184,3.588614,57,0.46324,mat
0.532908,4.284723,0.534160,3.588614,54,0.46324,mat
0.567585,4.414824,0.568112,3.988431,62,0.46324,mat
0.459067,5.463469,0.459070,3.988431,58,0.46324,mat
0.321005,5.505317,0.321406,2.790501,57,0.46324,mat
0.429651,4.103511,0.431202,2.790501,66,0.46324,mat
0.458024,3.674162,0.458305,2.836231,60,0.46324,mat
0.386282,4.248004,0.386758,2.864254,54,0.46324,mat
0.311093,4.075705,0.311661,2.491542,50,0.46324,mat
0.423447,4.417847,0.423469,3.209804,50,0.46324,mat
0.482336,3.874703,0.482830,3.209804,47,0.46324,mat
0.470460,5.640472,0.470477,3.848362,53,0.46324,mat
0.452007,5.868493,0.452196,3.797614,60,0.46324,mat
0.448093,5.018297,0.457605,3.440300,58,0.46324,mat
0.466016,4.794282,0.478987,3.538416,59,0.46324,mat
0.421548,3.596733,0.421910,2.759516,56,0.46324,mat
0.478745,5.066746,0.479589,3.516356,52,0.46324,mat
0.144173,4.730023,0.144280,0.963913,42,0.20588,carpet
0.113396,5.971345,0.114287,1.195204,54,0.20588,carpet
0.105959,4.731772,0.108364,0.749511,58,0.20588,carpet
0.092989,4.324792,0.095359,0.649162,48,0.20588,carpet
0.066048,3.983068,0.068370,0.415140,53,0.20588,carpet
0.062055,3.591458,0.064579,0.374751,52,0.20588,carpet
0.065931,4.264037,0.067029,0.381919,55,0.20588,carpet
0.120440,5.498204,0.120565,0.967401,64,0.20588,carpet
0.147624,5.412207,0.148632,1.109480,62,0.20588,carpet
0.117803,6.786641,0.118531,1.109480,56,0.20588,carpet
0.092738,3.391201,0.093811,0.521633,47,0.20588,carpet
0.142621,4.812479,0.144869,1.222334,45,0.20588,carpet
0.163113,4.503825,0.163848,1.263097,48,0.20588,carpet
0.139004,5.308112,0.139021,1.099399,47,0.20588,carpet
0.114912,6.282749,0.115070,1.041992,48,0.20588,carpet
0.101884,3.210301,0.102261,0.570181,51,0.20588,carpet
0.100252,3.707932,0.100280,0.668988,56,0.20588,carpet
0.159238,5.738765,0.160003,1.382903,58,0.26765,carpet
0.187454,5.288693,0.187513,1.673778,54,0.26765,carpet
0.187492,5.284326,0.187668,1.673778,60,0.26765,carpet
0.186453,6.374042,0.186803,1.730403,63,0.26765,carpet
0.226756,5.245819,0.226979,1.799087,55,0.26765,carpet
0.172370,4.863373,0.172427,1.446974,61,0.26765,carpet
0.116482,4.538384,0.116549,0.925901,60,0.26765,carpet
0.149943,3.526081,0.150010,0.984157,49,0.26765,carpet
0.177130,3.620662,0.177206,1.171384,51,0.26765,carpet
0.175194,3.662219,0.175195,1.192484,55,0.26765,carpet
0.156885,4.725718,0.156886,1.250044,57,0.26765,carpet
0.150164,4.937164,0.150167,1.250044,65,0.26765,carpet
0.137334,5.062822,0.137336,1.212118,57,0.26765,carpet
0.129976,5.020878,0.130159,1.208390,47,0.26765,carpet
0.151974,3.616969,0.153409,1.059150,54,0.26765,carpet
0.184536,3.630839,0.185089,1.195713,56,0.26765,carpet
0.241624,4.649199,0.241986,1.597993,57,0.26765,carpet
0.279949,5.324935,0.280017,2.690638,52,0.31912,carpet
0.247432,4.845571,0.247559,2.280559,53,0.31912,carpet
0.248424,5.195148,0.248440,1.948827,52,0.31912,carpet
0.253074,5.099185,0.253116,2.058491,57,0.31912,carpet
0.234940,6.134089,0.235146,2.210212,57,0.31912,carpet
0.221615,6.508598,0.221615,2.095036,58,0.31912,carpet
0.191923,3.689180,0.192187,1.223249,61,0.31912,carpet
0.221911,5.062980,0.222073,1.929129,49,0.31912,carpet
0.221767,5.067681,0.221867,1.929129,48,0.31912,carpet
0.148832,6.320252,0.148938,1.438069,51,0.31912,carpet
0.162861,6.484786,0.163078,1.787105,56,0.31912,carpet
0.265719,5.088481,0.266295,2.118717,61,0.31912,carpet
0.310099,5.398371,0.310346,2.622250,55,0.31912,carpet
0.306262,5.456385,0.307046,2.655721,50,0.31912,carpet
0.264452,5.495389,0.265111,2.437248,54,0.31912,carpet
0.187061,5.593614,0.187109,1.729127,51,0.31912,carpet
0.193553,4.087209,0.193647,1.391253,51,0.31912,carpet
0.430821,5.504389,0.433175,3.339083,59,0.37059,carpet
0.318268,4.704152,0.319974,2.459699,52,0.37059,carpet
0.319887,4.677526,0.321796,2.784012,48,0.37059,carpet
0.388268,5.131338,0.388802,3.273879,54,0.37059,carpet
0.350756,5.623900,0.354749,2.838275,52,0.37059,carpet
0.288419,3.552901,0.288693,1.868898,53,0.37059,carpet
0.388693,3.775810,0.394302,2.345671,62,0.37059,carpet
0.349211,4.253006,0.350060,2.345671,66,0.37059,carpet
0.207459,4.565554,0.210301,1.365460,53,0.37059,carpet
0.285084,5.952668,0.286894,2.713890,46,0.37059,carpet
0.313126,5.447668,0.313489,2.713890,54,0.37059,carpet
0.539689,4.672495,0.551841,3.528507,56,0.37059,carpet
0.524136,4.816160,0.535380,3.491184,57,0.37059,carpet
0.235842,5.439087,0.236515,2.249616,58,0.37059,carpet
0.352434,4.947821,0.352557,3.030817,61,0.37059,carpet
0.432233,5.579553,0.435122,3.136540,58,0.37059,carpet
0.383905,6.316267,0.384370,3.610559,54,0.37059,carpet
0.356075,3.433227,0.357406,2.452171,55,0.42206,carpet
0.381445,5.649449,0.381741,3.267221,59,0.42206,carpet
0.452362,4.763690,0.452722,3.339425,57,0.42206,carpet
0.398696,4.704117,0.399064,3.060042,63,0.42206,carpet
0.323448,3.409811,0.323739,2.199777,58,0.42206,carpet
0.378819,4.809758,0.379657,2.921946,55,0.42206,carpet
0.375186,4.860041,0.375729,2.752749,57,0.42206,carpet
0.328184,4.876518,0.328296,2.727881,56,0.42206,carpet
0.447768,4.976883,0.448489,3.359015,57,0.42206,carpet
0.466509,4.779076,0.467052,3.228240,55,0.42206,carpet
0.387809,6.150879,0.387821,3.381605,51,0.42206,carpet
0.348917,6.813938,0.350083,3.325794,55,0.42206,carpet
0.306929,5.665421,0.307254,2.366849,54,0.42206,carpet
0.475474,5.883620,0.475494,3.946730,54,0.42206,carpet
0.487922,5.730269,0.488219,3.946730,60,0.42206,carpet
0.308789,5.259666,0.309009,2.556758,51,0.42206,carpet
0.497103,5.564801,0.497714,4.125219,48,0.42206,carpet
0.142478,5.052364,0.142478,1.104171,43,0.16471,gravel
0.146302,5.605385,0.146348,1.088628,42,0.16471,gravel
0.151871,5.401375,0.151875,1.269146,49,0.16471,gravel
0.092298,4.861556,0.092318,0.831319,52,0.16471,gravel
0.091402,4.276297,0.091431,0.773492,47,0.16471,gravel
0.114566,5.204820,0.115052,0.989812,44,0.16471,gravel
0.112311,5.327669,0.112399,0.956102,50,0.16471,gravel
0.411833,9.432250,0.412153,4.399293,45,0.16471,gravel
0.432357,8.990078,0.432425,4.795038,39,0.16471,gravel
0.211771,4.270247,0.212518,1.521236,40,0.16471,gravel
0.205274,3.440095,0.205514,1.320719,39,0.16471,gravel
0.191714,5.166302,0.191718,1.584833,42,0.16471,gravel
0.183542,5.384353,0.183954,1.340938,40,0.16471,gravel
0.530280,9.342975,0.531420,5.476462,38,0.16471,gravel
0.522165,9.483883,0.523525,5.476462,42,0.16471,gravel
0.250866,9.180116,0.251043,2.725735,41,0.16471,gravel
0.255201,9.012544,0.255710,2.544827,38,0.16471,gravel
0.185353,5.015509,0.185356,1.342928,51,0.20588,gravel
0.193311,5.393546,0.193616,1.452883,44,0.20588,gravel
0.168309,6.190621,0.168687,1.692500,48,0.20588,gravel
0.330506,6.472004,0.331300,2.792397,55,0.20588,gravel
0.343349,6.243391,0.343431,3.064309,55,0.20588,gravel
0.208290,4.708830,0.209078,1.876262,54,0.20588,gravel
0.298196,4.871647,0.298644,2.671266,43,0.20588,gravel
1.040427,8.964226,1.040953,12.345459,39,0.20588,gravel
1.014690,9.176913,1.016828,12.345459,43,0.20588,gravel
0.238290,6.972250,0.241373,2.424083,45,0.20588,gravel
0.286371,5.872311,0.286584,3.342657,49,0.20588,gravel
0.233152,7.068389,0.234812,2.072929,52,0.20588,gravel
0.288701,6.601778,0.288706,2.670456,41,0.20588,gravel
0.323004,5.878911,0.324205,2.682228,35,0.20588,gravel
0.246518,4.925842,0.248317,2.284390,38,0.20588,gravel
0.259107,5.449180,0.259107,1.943714,42,0.20588,gravel
0.228754,6.154804,0.229402,1.943714,53,0.20588,gravel
0.454234,8.206116,0.456494,4.357195,43,0.24706,gravel
0.245784,5.015877,0.245832,1.992578,50,0.24706,gravel
0.990425,9.181248,0.992432,12.757693,59,0.24706,gravel
1.024645,8.887503,1.025234,12.757693,52,0.24706,gravel
0.507891,6.203111,0.508261,5.250959,40,0.24706,gravel
0.481742,6.497312,0.485247,4.119444,41,0.24706,gravel
0.482007,5.958229,0.482257,4.176806,47,0.24706,gravel
0.777231,7.279625,0.777811,7.936671,45,0.24706,gravel
0.685583,8.254929,0.685914,7.936671,41,0.24706,gravel
0.269532,3.705442,0.270511,1.838747,45,0.24706,gravel
0.327794,4.805519,0.327998,2.278750,41,0.24706,gravel
0.326943,4.781517,0.329645,2.450745,37,0.24706,gravel
0.274229,3.669485,0.274723,1.743719,41,0.24706,gravel
0.252372,3.991424,0.252564,1.604861,42,0.24706,gravel
0.979314,9.569025,0.983008,10.770949,51,0.24706,gravel
1.049207,8.947910,1.051243,12.818759,43,0.24706,gravel
0.456131,7.480219,0.456180,4.393777,40,0.24706,gravel
0.468457,7.125358,0.470366,4.203222,52,0.28824,gravel
0.419746,7.957786,0.421163,4.540793,53,0.28824,gravel
0.285087,4.163324,0.285654,2.252334,60,0.28824,gravel
0.436270,3.773066,0.436899,3.280050,52,0.28824,gravel
0.988704,8.875792,0.990962,10.444019,44,0.28824,gravel
0.997580,8.791040,1.000515,11.672636,55,0.28824,gravel
0.552792,5.201462,0.553127,4.638138,57,0.28824,gravel
0.407190,6.116066,0.408306,3.309232,53,0.28824,gravel
0.306040,3.067160,0.306526,1.676544,51,0.28824,gravel
0.377305,4.438400,0.377312,2.546158,44,0.28824,gravel
0.360776,4.641448,0.360806,2.546158,49,0.28824,gravel
0.695545,8.722218,0.701162,7.289646,52,0.28824,gravel
0.837658,7.186297,0.851021,7.351707,47,0.28824,gravel
0.678637,5.391399,0.683800,4.922656,40,0.28824,gravel
0.519461,7.094542,0.519644,5.630555,47,0.28824,gravel
0.370314,5.243630,0.370720,3.663571,55,0.28824,gravel
0.286585,3.497134,0.286831,1.999181,56,0.28824,gravel
0.607330,5.678435,0.608027,5.723789,46,0.33971,gravel
0.460766,4.929057,0.460767,4.130037,43,0.33971,gravel
0.516159,4.346946,0.516310,4.103264,45,0.33971,gravel
0.541509,4.255754,0.545654,3.573442,51,0.33971,gravel
0.905497,7.159655,0.906708,10.621625,55,0.33971,gravel
1.044156,6.193673,1.048121,10.621625,56,0.33971,gravel
0.737777,4.674621,0.740002,6.300129,52,0.33971,gravel
0.583013,4.844245,0.586448,4.923557,47,0.33971,gravel
0.554506,4.607537,0.555291,4.641179,45,0.33971,gravel
0.588816,7.753344,0.591711,5.934588,42,0.33971,gravel
1.293581,8.101673,1.293683,15.068733,37,0.33971,gravel
1.214284,8.597818,1.219029,13.554111,39,0.33971,gravel
0.481245,5.693573,0.483888,4.258401,49,0.33971,gravel
0.612191,4.500140,0.612214,4.921692,56,0.33971,gravel
0.731686,6.488082,0.733276,6.924193,47,0.33971,gravel
0.637005,7.445810,0.638957,6.228597,41,0.33971,gravel
0.443804,2.858125,0.448122,2.409199,43,0.33971,gravel