std,rms,p2p,zcr,speed,pwm,label,timestamp_ms
0.003236,0.014661,0.015625,0,0.220359,150,carpet,92000
0.250106,0.250107,1.426025,21,0.220359,150,carpet,92000
0.346195,0.347399,1.793701,31,0.220359,150,carpet,93000
0.357242,0.35739,2.382813,24,0.220359,150,carpet,94000
0.297799,0.298462,1.656494,33,0.220359,150,carpet,95000
0.297799,0.298462,1.656494,33,0.220359,150,carpet,96000
0.268527,0.270747,1.404541,35,0.220359,150,carpet,97000
0.268527,0.270747,1.404541,35,0.220359,150,carpet,98000
0.166547,0.167008,0.856201,29,0.220359,150,carpet,98000
0.166547,0.167008,0.856201,29,0.220359,150,carpet,99000
0.120655,0.121993,0.542969,54,0.220359,150,carpet,99000
0.244377,0.245522,1.266113,36,0.220359,150,carpet,100000
0.585326,0.588396,3.446045,27,0.220359,150,carpet,101000
0.299572,0.299688,1.321777,34,0.220359,150,carpet,102000
0.299572,0.299688,1.321777,34,0.220359,150,carpet,103000
0.374068,0.374156,2.110107,22,0.220359,150,carpet,103000
0.212366,0.214172,1.272461,35,0.220359,150,carpet,104000
0.214971,0.215362,1.165527,40,0.220359,150,carpet,105000
0.214971,0.215362,1.165527,40,0.220359,150,carpet,105000
0.350597,0.350893,1.962402,25,0.220359,150,carpet,106000
0.302747,0.304366,1.313477,31,0.220359,150,carpet,107000
0.312638,0.313016,1.553955,27,0.220359,150,carpet,109000
0.339289,0.339319,1.767334,33,0.220359,150,carpet,110000
0.339289,0.339319,1.767334,33,0.220359,150,carpet,110000
0.293359,0.293406,1.539307,26,0.220359,150,carpet,111000
0.144325,0.146255,0.772461,38,0.220359,150,carpet,112000
0.103824,0.104282,0.551758,45,0.220359,150,carpet,113000
0.108319,0.108521,0.55249,35,0.220359,150,carpet,114000
0.108319,0.108521,0.55249,35,0.220359,150,carpet,114000
0.188341,0.188459,0.869629,33,0.220359,150,carpet,115000
0.429724,0.430115,2.428711,24,0.220359,150,carpet,116000
0.345346,0.345541,1.569092,23,0.220359,150,carpet,117000
0.713991,0.714858,5.205078,25,0.220359,150,carpet,118000
0.350804,0.352165,1.869873,27,0.220359,150,carpet,119000
0.350804,0.352165,1.869873,27,0.220359,150,carpet,120000
0.265793,0.266073,1.288086,30,0.220359,150,carpet,120000
0.27365,0.273742,1.314209,25,0.220359,150,carpet,121000
0.206972,0.207276,1.183594,35,0.220359,150,carpet,122000
0.206972,0.207276,1.183594,35,0.220359,150,carpet,124000
0.237462,0.238364,1.061035,35,0.220359,150,carpet,124000
0.468905,0.470985,2.534668,19,0.220359,150,carpet,125000
0.479656,0.486084,3.30542,42,0.220359,150,carpet,126000
0.516741,0.5186,2.756592,26,0.220359,150,carpet,127000
0.37192,0.373686,2.299072,26,0.220359,150,carpet,128000
0.482772,0.482825,2.381348,17,0.220359,150,carpet,129000
0.003503,0.014715,0.017334,0,0.220359,150,carpet,199000
0.145137,0.146706,1.188965,15,0.220359,150,carpet,199000
0.383794,0.383914,2.087402,20,0.220359,150,carpet,200000
0.30906,0.310317,1.38501,31,0.220359,150,carpet,201000
0.436974,0.437934,1.866211,25,0.220359,150,carpet,202000
0.306774,0.306893,1.437744,29,0.220359,150,carpet,203000
0.39678,0.396892,2.571533,34,0.220359,150,carpet,204000
0.71356,0.713573,6.197998,29,0.220359,150,carpet,205000
0.345445,0.34772,1.689209,34,0.220359,150,carpet,206000
0.003204,0.008713,0.017334,2,0.220359,150,carpet,253000
0.257364,0.258433,1.70459,34,0.220359,150,carpet,253000
0.503269,0.503398,3.308838,33,0.220359,150,carpet,254000
0.503269,0.503398,3.308838,33,0.220359,150,carpet,255000
0.503269,0.503398,3.308838,33,0.220359,150,carpet,256000
0.1524,0.159394,0.748047,27,0.220359,150,carpet,256000
0.295394,0.295804,1.520996,34,0.220359,150,carpet,257000
0.451875,0.452017,3.217285,31,0.220359,150,carpet,258000
0.312048,0.312365,1.554688,56,0.220359,150,carpet,259000
0.002875,0.015791,0.014648,0,0.220359,150,carpet,266000
0.154413,0.155822,0.836426,27,0.220359,150,carpet,266000
0.382944,0.38316,2.151611,27,0.220359,150,carpet,267000
0.300672,0.300811,2.02002,46,0.220359,150,carpet,268000
0.331148,0.331267,1.500488,25,0.220359,150,carpet,269000
0.315435,0.315435,1.585449,35,0.220359,150,carpet,270000
0.441787,0.442171,2.725342,36,0.220359,150,carpet,271000
0.003448,0.011844,0.01709,0,0.220359,150,carpet,295000
0.003448,0.011844,0.01709,0,0.220359,150,carpet,296000
0.284178,0.28861,1.38916,32,0.220359,150,carpet,296000
0.576984,0.577186,4.023926,32,0.220359,150,carpet,297000
0.821427,0.821525,7.471191,26,0.220359,150,carpet,298000
0.327227,0.327404,1.842285,39,0.220359,150,carpet,300000
0.271088,0.272108,1.209961,33,0.220359,150,carpet,301000
0.003143,0.013207,0.014893,0,0.220359,150,carpet,313000
0.110678,0.11141,0.700684,24,0.220359,150,carpet,313000
0.330394,0.331338,1.53833,29,0.220359,150,carpet,314000
0.367562,0.367636,1.931641,41,0.220359,150,carpet,315000
0.428897,0.429866,2.125,29,0.220359,150,carpet,316000
0.356903,0.357358,1.686768,34,0.220359,150,carpet,317000
0.003446,0.011715,0.019531,0,0.220359,150,carpet,326000
0.115961,0.116698,0.774658,15,0.220359,150,carpet,326000
0.491249,0.491511,2.773682,34,0.220359,150,carpet,327000
0.389118,0.38927,2.169678,35,0.220359,150,carpet,328000
0.48575,0.485766,2.963379,28,0.220359,150,carpet,329000
0.451461,0.454063,2.458252,19,0.220359,150,carpet,330000
0.003019,0.01402,0.014648,0,0.220359,150,carpet,340000
0.165865,0.167109,1.250488,10,0.220359,150,carpet,340000
0.345287,0.346191,1.639893,23,0.220359,150,carpet,341000
0.306027,0.306598,1.373047,32,0.220359,150,carpet,342000
0.470981,0.474382,2.080078,18,0.220359,150,carpet,343000
0.330495,0.332763,1.63501,22,0.220359,150,carpet,344000
0.003429,0.011504,0.018311,0,0.220359,150,carpet,372000
0.319828,0.319934,1.831787,22,0.220359,150,carpet,373000
0.483974,0.484343,2.820313,36,0.220359,150,carpet,374000
0.650725,0.660087,6.471924,46,0.220359,150,carpet,375000
0.21378,0.213862,1.594482,42,0.220359,150,carpet,376000
0.156173,0.15661,0.741943,44,0.220359,150,carpet,377000
0.208977,0.209304,1.204346,49,0.220359,150,carpet,378000
0.548689,0.549117,4.542603,41,0.220359,150,carpet,379000
0.385609,0.39227,2.588623,28,0.220359,150,carpet,380000
0.557888,0.558053,3.70874,28,0.220359,150,carpet,381000
0.356982,0.357469,2.272217,44,0.220359,150,carpet,382000
0.64428,0.64505,4.455322,28,0.220359,150,carpet,383000
0.004231,0.016983,0.023926,0,0.220359,150,carpet,394000
0.186619,0.186822,1.286377,22,0.220359,150,carpet,394000
0.389585,0.389585,2.268311,31,0.220359,150,carpet,396000
0.398493,0.400143,2.295654,26,0.220359,150,carpet,397000
0.337903,0.340825,1.468994,28,0.220359,150,carpet,398000
0.511097,0.511416,2.516846,24,0.220359,150,carpet,399000
0.499844,0.499846,2.705566,23,0.220359,150,carpet,400000
0.447375,0.447739,2.692627,24,0.220359,150,carpet,401000
0.53718,0.539365,2.658936,23,0.220359,150,carpet,402000
0.003232,0.012878,0.017578,0,0.220359,150,carpet,420000
0.203685,0.206928,1.131348,22,0.220359,150,carpet,420000
0.575221,0.575269,4.203613,30,0.220359,150,carpet,421000
0.423602,0.425246,2.067383,38,0.220359,150,carpet,422000
0.59367,0.595,3.684082,36,0.220359,150,carpet,423000
0.448366,0.44959,2.726318,23,0.220359,150,carpet,424000
0.55424,0.559236,4.810791,41,0.220359,150,carpet,425000
0.003374,0.013885,0.013672,0,0.220359,150,carpet,444000
0.230772,0.233762,1.44165,22,0.220359,150,carpet,444000
0.520406,0.520668,3.325195,33,0.220359,150,carpet,445000
0.496668,0.496674,2.551514,25,0.220359,150,carpet,446000
0.423621,0.423859,1.980713,25,0.220359,150,carpet,447000
0.391151,0.396756,2.446045,26,0.220359,150,carpet,448000
0.603272,0.604959,3.747314,32,0.220359,150,carpet,449000
0.388205,0.388381,2.101807,31,0.220359,150,carpet,450000
0.483317,0.483347,2.648193,30,0.220359,150,carpet,451000
0.003219,0.01266,0.016357,0,0.220359,150,carpet,467000
0.134263,0.134801,0.871582,21,0.220359,150,carpet,467000
0.551573,0.551579,4.233154,33,0.220359,150,carpet,468000
0.696485,0.697387,5.247314,32,0.220359,150,carpet,469000
0.602793,0.603046,3.279053,27,0.220359,150,carpet,470000
0.455374,0.458307,2.102783,28,0.220359,150,carpet,471000
0.356962,0.357189,1.777344,33,0.220359,150,carpet,472000
0.483371,0.483557,3.206787,41,0.220359,150,carpet,473000
0.003116,0.01301,0.015381,0,0.220359,150,carpet,499000
0.043268,0.044013,0.327148,7,0.220359,150,carpet,499000
0.495174,0.495723,2.723633,27,0.220359,150,carpet,500000
0.509371,0.509372,2.563965,28,0.220359,150,carpet,501000
0.325891,0.327047,1.487061,30,0.220359,150,carpet,502000
0.719376,0.721244,6.846436,32,0.220359,150,carpet,503000
0.54376,0.545158,2.930908,19,0.220359,150,carpet,504000
0.438116,0.438222,2.192139,23,0.220359,150,carpet,505000
0.442452,0.443099,2.140381,29,0.220359,150,carpet,506000
0.228265,0.228683,1.173584,34,0.220359,150,carpet,523000
0.525496,0.527553,3.552979,30,0.220359,150,carpet,524000
0.530831,0.531829,2.870361,27,0.220359,150,carpet,525000
0.386007,0.387019,2.012207,32,0.220359,150,carpet,526000
0.433187,0.433995,3.017578,38,0.220359,150,carpet,527000
0.366231,0.367383,1.929932,32,0.220359,150,carpet,528000